City,Cloudiness,Country,Humidity,Lat,Lng,Max Temperature,Wind Speed,Date
Aktau,75,KZ,100,43.65,51.16,6.0,4.0,"Apr, 04 2019"
Mataura,100,NZ,91,-46.19,168.86,11.11,3.58,"Apr, 04 2019"
San Patricio,56,PY,92,-26.98,-56.83,23.8,1.31,"Apr, 04 2019"
Busselton,8,AU,49,-33.64,115.35,19.44,8.61,"Apr, 04 2019"
Rikitea,20,PF,100,-23.12,-134.97,24.05,8.51,"Apr, 04 2019"
Punta Arenas,75,CL,75,-53.16,-70.91,5.0,5.7,"Apr, 04 2019"
Tuatapere,92,NZ,91,-46.13,167.69,11.11,3.58,"Apr, 04 2019"
Nikolskoye,0,RU,37,59.7,30.79,1.67,3.0,"Apr, 04 2019"
Hilo,20,US,61,19.71,-155.08,27.0,5.7,"Apr, 04 2019"
Cabo San Lucas,5,MX,69,22.89,-109.91,28.33,2.6,"Apr, 04 2019"
Soyo,76,AO,91,-6.13,12.37,27.35,1.76,"Apr, 04 2019"
Albany,40,US,35,42.65,-73.75,6.11,8.7,"Apr, 04 2019"
Bethel,1,US,60,60.79,-161.76,6.0,10.3,"Apr, 04 2019"
Kapaa,20,US,54,22.08,-159.32,26.0,5.1,"Apr, 04 2019"
Glendive,75,US,52,47.11,-104.71,10.0,10.3,"Apr, 04 2019"
Ushuaia,92,AR,84,-54.81,-68.31,3.45,7.81,"Apr, 04 2019"
Goderich,8,CA,71,43.74,-81.71,0.56,6.01,"Apr, 04 2019"
Sena Madureira,44,BR,89,-9.07,-68.66,26.3,0.76,"Apr, 04 2019"
Vaini,20,IN,83,15.34,74.49,22.0,1.11,"Apr, 04 2019"
Shintomi,0,JP,35,32.08,131.47,13.0,4.6,"Apr, 04 2019"
Geraldton,75,CA,49,49.72,-86.95,-5.0,3.6,"Apr, 04 2019"
Saint George,75,GR,81,39.45,22.34,7.0,0.91,"Apr, 04 2019"
Avarua,80,CK,69,-21.21,-159.78,28.0,3.1,"Apr, 04 2019"
Barrow,0,AR,41,-38.31,-60.23,18.35,5.81,"Apr, 04 2019"
Castro,75,CL,100,-42.48,-73.76,10.0,3.1,"Apr, 04 2019"
Zhigansk,88,RU,82,66.77,123.37,-2.45,2.21,"Apr, 04 2019"
Port Alfred,0,ZA,76,-33.59,26.89,16.67,2.76,"Apr, 04 2019"
Lorengau,32,PG,100,-2.02,147.27,28.05,3.51,"Apr, 04 2019"
Luan,92,CH,93,46.36,6.98,2.22,1.0,"Apr, 04 2019"
Pokhvistnevo,92,RU,94,53.65,52.12,1.45,6.56,"Apr, 04 2019"
Bossangoa,0,CF,78,6.5,17.45,23.35,1.26,"Apr, 04 2019"
Hobyo,8,SO,91,5.35,48.53,25.95,3.16,"Apr, 04 2019"
Carnarvon,0,ZA,43,-30.97,22.13,9.45,1.61,"Apr, 04 2019"
Khatanga,88,RU,88,71.98,102.47,-8.3,4.46,"Apr, 04 2019"
Port Shepstone,8,ZA,90,-30.74,30.45,22.95,7.71,"Apr, 04 2019"
Fortuna,0,ES,72,38.18,-1.13,15.56,6.7,"Apr, 04 2019"
Ust-Kuyga,44,RU,76,70.0,135.55,-6.55,2.21,"Apr, 04 2019"
Bako,12,NG,69,9.68,6.4,25.4,1.41,"Apr, 04 2019"
Barcelos,0,PT,81,41.53,-8.62,8.0,1.5,"Apr, 04 2019"
Atuona,0,PF,100,-9.8,-139.03,27.7,6.26,"Apr, 04 2019"
Ribeira Grande,88,PT,100,38.52,-28.7,14.85,7.86,"Apr, 04 2019"
Acapulco,5,MX,70,16.86,-99.88,29.0,4.6,"Apr, 04 2019"
Opuwo,0,,80,-18.06,13.84,16.55,1.51,"Apr, 04 2019"
East London,36,ZA,95,-33.02,27.91,23.8,10.46,"Apr, 04 2019"
Victoria,75,BN,83,5.28,115.24,29.0,1.16,"Apr, 04 2019"
Hobart,20,AU,44,-42.88,147.33,15.56,3.1,"Apr, 04 2019"
Gourcy,88,BF,46,13.21,-2.36,29.2,5.26,"Apr, 04 2019"
New Norfolk,20,AU,44,-42.78,147.06,15.56,3.1,"Apr, 04 2019"
Nishihara,20,JP,37,35.74,139.53,13.33,1.5,"Apr, 04 2019"
Bilibino,8,RU,87,68.06,166.44,-2.35,1.41,"Apr, 04 2019"
Bambous Virieux,40,MU,94,-20.34,57.76,25.0,3.76,"Apr, 04 2019"
Kampong Thum,88,KH,98,12.71,104.89,23.35,2.26,"Apr, 04 2019"
Arraial do Cabo,20,BR,88,-22.97,-42.02,22.0,1.5,"Apr, 04 2019"
Chuy,12,UY,92,-33.69,-53.46,17.8,2.56,"Apr, 04 2019"
Upernavik,88,GL,95,72.79,-56.15,-7.9,25.01,"Apr, 04 2019"
Nur,0,PL,45,52.67,22.32,3.33,4.02,"Apr, 04 2019"
Cidreira,8,BR,93,-30.17,-50.22,22.35,1.06,"Apr, 04 2019"
Tateyama,75,JP,56,36.66,137.31,9.44,0.5,"Apr, 04 2019"
Baykit,48,RU,74,61.68,96.39,-6.65,4.76,"Apr, 04 2019"
Zyryanka,0,RU,79,65.73,150.89,-4.15,1.46,"Apr, 04 2019"
Zatec,0,CZ,86,50.33,13.55,11.11,2.6,"Apr, 04 2019"
Gunjur,0,GM,82,13.18,-16.76,20.0,5.7,"Apr, 04 2019"
Kaitong,20,CN,39,44.81,123.15,6.35,5.71,"Apr, 04 2019"
Puerto Ayora,75,EC,70,-0.74,-90.35,29.0,4.6,"Apr, 04 2019"
Yellowknife,20,CA,46,62.45,-114.38,-13.0,4.1,"Apr, 04 2019"
Saskylakh,48,RU,83,71.97,114.09,-6.3,2.06,"Apr, 04 2019"
Iqaluit,20,CA,77,63.75,-68.52,-18.89,2.1,"Apr, 04 2019"
Vung Tau,0,VN,93,10.35,107.08,28.3,5.06,"Apr, 04 2019"
Thompson,20,CA,37,55.74,-97.86,-7.0,1.56,"Apr, 04 2019"
Callaway,1,US,64,46.98,-95.91,2.0,2.6,"Apr, 04 2019"
Mwanza,20,TZ,83,-2.52,32.9,22.0,6.01,"Apr, 04 2019"
Kruisfontein,48,ZA,78,-34.0,24.73,15.6,3.11,"Apr, 04 2019"
Hermanus,48,ZA,93,-34.42,19.24,16.11,1.56,"Apr, 04 2019"
Dikson,80,RU,100,73.51,80.55,-5.65,7.71,"Apr, 04 2019"
Cherskiy,0,RU,75,68.75,161.3,-1.15,1.01,"Apr, 04 2019"
Saint Lawrence,40,MT,93,36.06,14.2,14.44,6.2,"Apr, 04 2019"
Jamestown,0,AU,41,-33.21,138.6,22.55,3.46,"Apr, 04 2019"
Wanning,0,AT,65,48.64,13.53,10.56,3.6,"Apr, 04 2019"
Rawson,88,AR,30,-43.3,-65.11,18.2,4.21,"Apr, 04 2019"
Yulara,0,AU,35,-25.24,130.99,25.0,8.2,"Apr, 04 2019"
Narsaq,0,GL,67,60.91,-46.05,-10.65,2.86,"Apr, 04 2019"
Tiksi,76,RU,83,71.64,128.87,-2.25,4.66,"Apr, 04 2019"
Chokurdakh,0,RU,90,70.62,147.9,-10.65,1.86,"Apr, 04 2019"
Severo-Kurilsk,92,RU,90,50.68,156.12,1.7,2.51,"Apr, 04 2019"
Butaritari,88,KI,100,3.07,172.79,25.7,1.11,"Apr, 04 2019"
Namatanai,68,PG,98,-3.66,152.44,28.45,2.31,"Apr, 04 2019"
Olinda,75,EC,88,-2.03,-79.75,27.78,2.6,"Apr, 04 2019"
Lompoc,90,US,72,34.64,-120.46,17.22,4.6,"Apr, 04 2019"
Cayenne,75,GF,74,4.94,-52.33,27.0,4.6,"Apr, 04 2019"
Ahipara,32,NZ,78,-35.17,173.16,21.1,4.66,"Apr, 04 2019"
Nanortalik,48,GL,100,60.14,-45.24,-0.05,9.26,"Apr, 04 2019"
Tuktoyaktuk,75,CA,70,69.44,-133.03,-17.0,4.6,"Apr, 04 2019"
Grindavik,75,IS,100,63.84,-22.43,5.0,2.1,"Apr, 04 2019"
Rio Grande,24,BR,93,-32.03,-52.1,21.85,3.46,"Apr, 04 2019"
Provideniya,40,RU,68,64.42,-173.23,-3.0,9.0,"Apr, 04 2019"
Luba,0,PH,87,17.32,120.7,24.2,1.76,"Apr, 04 2019"
Kresttsy,0,RU,76,58.25,32.52,-4.7,2.06,"Apr, 04 2019"
Berlevag,80,NO,100,70.86,29.09,-1.4,3.46,"Apr, 04 2019"
Hithadhoo,36,MV,100,-0.6,73.08,27.15,1.71,"Apr, 04 2019"
Bubaque,48,GW,100,11.28,-15.83,25.85,7.66,"Apr, 04 2019"
Vao,0,EE,77,59.1,26.19,0.55,3.81,"Apr, 04 2019"
Kudat,75,MY,79,6.89,116.84,29.0,2.6,"Apr, 04 2019"
Sao Joao da Barra,36,BR,100,-21.64,-41.05,24.95,3.06,"Apr, 04 2019"
Youghal,75,IE,86,51.95,-7.85,6.11,7.7,"Apr, 04 2019"
Ancud,75,CL,100,-41.87,-73.83,10.0,3.1,"Apr, 04 2019"
Mehamn,76,NO,87,71.03,27.85,-2.95,2.31,"Apr, 04 2019"
Nizhniy Kuranakh,48,RU,80,58.84,125.49,-3.55,1.51,"Apr, 04 2019"
Bluff,0,AU,50,-23.58,149.07,25.85,6.56,"Apr, 04 2019"
Yuncheng,8,CN,64,35.03,111.0,10.4,1.16,"Apr, 04 2019"
Cape Town,20,ZA,87,-33.93,18.42,15.0,2.6,"Apr, 04 2019"
Birnin Kebbi,0,NG,56,12.45,4.2,24.2,1.21,"Apr, 04 2019"
Bredasdorp,64,ZA,87,-34.53,20.04,15.56,2.6,"Apr, 04 2019"
Tazovskiy,76,RU,90,67.47,78.7,-7.05,3.71,"Apr, 04 2019"
Phangnga,20,TH,74,8.45,98.53,28.0,1.41,"Apr, 04 2019"
Axim,12,GH,98,4.87,-2.24,28.55,5.26,"Apr, 04 2019"
Twentynine Palms,1,US,18,34.14,-116.05,25.56,2.6,"Apr, 04 2019"
Ambilobe,32,MG,95,-13.19,49.05,21.45,1.21,"Apr, 04 2019"
Nelson Bay,75,AU,64,-32.72,152.14,23.0,5.1,"Apr, 04 2019"
Trairi,88,BR,100,-3.28,-39.27,26.35,3.81,"Apr, 04 2019"
Carutapera,76,BR,100,-1.2,-46.02,24.05,1.71,"Apr, 04 2019"
Izumo,20,JP,50,35.37,132.75,13.0,4.1,"Apr, 04 2019"
Torbay,90,CA,92,47.66,-52.73,0.56,12.3,"Apr, 04 2019"
Dudinka,76,RU,89,69.41,86.18,-7.7,3.96,"Apr, 04 2019"
Katsuura,20,JP,50,33.93,134.5,12.78,4.1,"Apr, 04 2019"
Birao,0,CF,29,10.3,22.78,20.95,2.76,"Apr, 04 2019"
Butembo,12,CD,90,0.12,29.29,14.7,0.41,"Apr, 04 2019"
Ilulissat,68,GL,92,69.22,-51.1,-8.0,9.8,"Apr, 04 2019"
Kaitangata,76,NZ,80,-46.28,169.85,12.78,0.45,"Apr, 04 2019"
Clyde River,75,CA,71,70.47,-68.59,-13.0,7.7,"Apr, 04 2019"
Princeton,90,US,53,41.37,-89.46,12.22,2.6,"Apr, 04 2019"
Halifax,90,CA,93,44.65,-63.58,3.0,12.3,"Apr, 04 2019"
Fort Saint James,80,CA,45,54.43,-124.25,9.1,1.86,"Apr, 04 2019"
Antofagasta,0,CL,72,-23.65,-70.4,19.0,1.0,"Apr, 04 2019"
Komsomolskiy,88,RU,87,67.55,63.78,-4.4,1.51,"Apr, 04 2019"
Poros,36,TR,71,40.9,26.22,4.95,4.31,"Apr, 04 2019"
Rexburg,90,US,61,43.82,-111.79,10.0,5.1,"Apr, 04 2019"
Olga,75,US,55,34.11,-118.17,19.0,4.6,"Apr, 04 2019"
Alofi,75,NU,74,-19.06,-169.92,28.0,5.7,"Apr, 04 2019"
Correntina,24,BR,64,-13.34,-44.63,24.9,1.76,"Apr, 04 2019"
College,1,US,30,64.86,-147.8,0.0,8.7,"Apr, 04 2019"
Burns Lake,80,CA,54,54.23,-125.76,7.55,2.41,"Apr, 04 2019"
Dire,92,ET,92,9.18,38.92,10.75,1.46,"Apr, 04 2019"
Alice Town,48,BS,100,25.72,-79.3,24.4,8.16,"Apr, 04 2019"
Tura,0,IN,93,25.52,90.21,17.3,2.41,"Apr, 04 2019"
Dhidhdhoo,20,MV,100,6.88,73.1,26.8,1.06,"Apr, 04 2019"
Bodden Town,20,KY,83,19.28,-81.25,27.0,6.7,"Apr, 04 2019"
Balkhash,92,KZ,78,46.84,74.98,5.8,3.81,"Apr, 04 2019"
Severnoye,92,RU,93,54.09,52.54,0.7,6.71,"Apr, 04 2019"
Havre-Saint-Pierre,90,CA,92,50.23,-63.6,-2.0,10.3,"Apr, 04 2019"
Maumere,0,ID,100,-8.63,122.22,27.6,1.66,"Apr, 04 2019"
Nome,90,US,72,30.04,-94.42,18.33,6.7,"Apr, 04 2019"
Fare,20,PF,98,-16.7,-151.02,29.55,3.36,"Apr, 04 2019"
Hengyang,92,CN,100,26.89,112.6,12.85,3.56,"Apr, 04 2019"
Port Blair,0,IN,100,11.67,92.75,28.65,0.41,"Apr, 04 2019"
Mahebourg,20,MU,94,-20.41,57.7,24.44,0.5,"Apr, 04 2019"
Sao Filipe,56,CV,97,14.9,-24.5,21.05,7.31,"Apr, 04 2019"
Nuuk,75,GL,68,64.17,-51.74,-3.0,10.8,"Apr, 04 2019"
Hami,0,CN,57,42.84,93.51,6.6,0.81,"Apr, 04 2019"
Ranong,20,TH,94,9.96,98.62,25.0,2.56,"Apr, 04 2019"
Yumbe,48,UG,86,3.47,31.25,19.4,0.66,"Apr, 04 2019"
Qaanaaq,88,GL,82,77.48,-69.36,-12.1,2.96,"Apr, 04 2019"
Champerico,40,MX,61,16.38,-93.6,27.0,9.8,"Apr, 04 2019"
Pangai,75,TO,69,-19.8,-174.35,28.0,6.2,"Apr, 04 2019"
Bauchi,0,NG,44,10.31,9.85,19.55,2.11,"Apr, 04 2019"
Ucluelet,75,CA,93,48.94,-125.55,11.11,3.1,"Apr, 04 2019"
Puerto Plata,20,DO,83,19.79,-70.69,26.11,8.2,"Apr, 04 2019"
Georgetown,40,GY,78,6.8,-58.16,28.0,5.1,"Apr, 04 2019"
Port Elizabeth,1,US,28,39.31,-74.98,17.0,3.6,"Apr, 04 2019"
Aksarka,88,RU,65,66.56,67.8,-9.4,1.61,"Apr, 04 2019"
Itarema,92,BR,98,-2.92,-39.92,23.9,1.01,"Apr, 04 2019"
Isangel,75,VU,70,-19.55,169.27,31.0,4.1,"Apr, 04 2019"
Causapscal,92,CA,89,48.35,-67.23,-0.57,1.21,"Apr, 04 2019"
Kodiak,1,US,27,39.95,-94.76,14.0,5.7,"Apr, 04 2019"
Gazanjyk,8,TM,90,39.24,55.52,6.85,1.86,"Apr, 04 2019"
Chicama,90,PE,88,-7.84,-79.15,20.0,4.1,"Apr, 04 2019"
Pershotravneve,48,UA,73,50.29,32.43,-1.4,1.31,"Apr, 04 2019"
Poanas,5,MX,10,25.77,-103.61,31.0,3.1,"Apr, 04 2019"
Pevek,0,RU,79,69.7,170.27,-3.5,1.16,"Apr, 04 2019"
Etchoropo,0,MX,48,26.77,-109.67,26.67,0.89,"Apr, 04 2019"
Faanui,0,PF,100,-16.48,-151.75,29.2,3.06,"Apr, 04 2019"
Portland,75,US,44,45.52,-122.67,16.11,3.1,"Apr, 04 2019"
Oktyabrskiy,0,RU,64,55.61,37.97,1.11,3.0,"Apr, 04 2019"
Ponta do Sol,68,BR,90,-20.63,-46.0,19.8,2.16,"Apr, 04 2019"
Praxedis Guerrero,1,MX,10,31.37,-106.02,24.0,11.3,"Apr, 04 2019"
Lebu,92,ET,92,8.96,38.73,10.75,1.46,"Apr, 04 2019"
Spokane,75,US,51,47.66,-117.42,15.0,5.7,"Apr, 04 2019"
Saint-Joseph,92,FR,100,43.56,6.97,10.0,0.5,"Apr, 04 2019"
Tasiilaq,44,GL,100,65.61,-37.64,-1.0,1.5,"Apr, 04 2019"
Pritzwalk,64,DE,78,53.15,12.18,10.56,0.89,"Apr, 04 2019"
Luau,12,CD,91,-10.7,22.23,18.95,1.01,"Apr, 04 2019"
Karratha,0,AU,50,-20.74,116.85,26.35,5.66,"Apr, 04 2019"
Kavieng,100,PG,100,-2.57,150.8,25.65,2.56,"Apr, 04 2019"
Te Anau,100,NZ,97,-45.41,167.72,10.7,1.76,"Apr, 04 2019"
Erzin,40,TR,93,36.95,36.2,13.0,1.5,"Apr, 04 2019"
Hervey Bay,40,AU,54,-25.3,152.85,28.33,8.2,"Apr, 04 2019"
Le Port,64,FR,70,42.87,1.37,3.89,1.34,"Apr, 04 2019"
Atar,20,MR,83,20.52,-13.05,16.05,0.71,"Apr, 04 2019"
Dongsheng,92,CN,93,29.72,112.52,11.85,1.31,"Apr, 04 2019"
Leshukonskoye,0,RU,85,64.9,45.76,-2.9,2.76,"Apr, 04 2019"
Zaraza,24,VE,69,9.35,-65.33,25.95,7.16,"Apr, 04 2019"
Bay Roberts,90,CA,92,47.58,-53.28,0.56,12.3,"Apr, 04 2019"
Lashio,8,MM,93,22.93,97.75,14.35,0.86,"Apr, 04 2019"
Codrington,40,AU,64,-28.95,153.24,25.56,4.1,"Apr, 04 2019"
Aldan,48,RU,80,58.61,125.39,-3.55,1.51,"Apr, 04 2019"
Seia,0,PT,75,40.42,-7.7,5.0,1.11,"Apr, 04 2019"
Mount Isa,0,AU,37,-20.73,139.49,29.0,6.7,"Apr, 04 2019"
Iguape,32,BR,100,-24.7,-47.56,24.05,4.16,"Apr, 04 2019"
Terrace,90,CA,30,54.52,-128.61,14.0,11.3,"Apr, 04 2019"
Broken Hill,64,AU,22,-31.97,141.45,27.0,6.2,"Apr, 04 2019"
Cap Malheureux,20,MU,94,-19.98,57.61,24.44,0.5,"Apr, 04 2019"
Manono,24,CD,97,-7.3,27.4,21.45,1.31,"Apr, 04 2019"
Luena,0,AO,84,-11.78,19.91,17.25,1.16,"Apr, 04 2019"
Sal Rei,75,CV,64,16.18,-22.92,20.0,4.1,"Apr, 04 2019"
Rocha,0,UY,86,-34.48,-54.34,16.1,2.96,"Apr, 04 2019"
Haines Junction,88,CA,64,60.75,-137.51,-3.85,1.51,"Apr, 04 2019"
Mitsamiouli,0,KM,100,-11.38,43.28,27.55,4.01,"Apr, 04 2019"
Sioux Lookout,40,CA,41,50.1,-91.92,-4.0,5.7,"Apr, 04 2019"
Tigil,12,RU,88,57.8,158.67,2.85,6.56,"Apr, 04 2019"
Longyearbyen,75,NO,84,78.22,15.63,-13.0,5.1,"Apr, 04 2019"
Colesberg,32,ZA,90,-30.72,25.1,14.55,4.76,"Apr, 04 2019"
Dourbali,0,TD,31,11.81,15.86,23.9,2.76,"Apr, 04 2019"
Vila do Maio,75,CV,64,15.13,-23.22,21.0,8.2,"Apr, 04 2019"
Waingapu,0,ID,93,-9.65,120.26,25.05,1.86,"Apr, 04 2019"
Tautira,75,PF,66,-17.73,-149.15,31.0,5.1,"Apr, 04 2019"
Kloulklubed,90,PW,94,7.04,134.26,25.0,3.6,"Apr, 04 2019"
Anloga,20,GH,84,5.79,0.9,30.0,4.6,"Apr, 04 2019"
Coihaique,75,CL,58,-45.58,-72.07,12.0,3.1,"Apr, 04 2019"
Moose Factory,90,CA,85,51.26,-80.61,-8.0,5.7,"Apr, 04 2019"
Singapore,75,MY,83,1.29,103.85,29.0,1.0,"Apr, 04 2019"
Matara,92,PE,89,-13.74,-72.9,8.75,0.86,"Apr, 04 2019"
Mineiros,68,BR,67,-17.57,-52.55,25.3,2.76,"Apr, 04 2019"
Mukhen,0,RU,48,48.19,136.14,2.8,1.31,"Apr, 04 2019"
Coquimbo,0,CL,82,-29.95,-71.34,16.0,2.1,"Apr, 04 2019"
Sao Jose da Coroa Grande,8,BR,95,-8.9,-35.15,24.65,2.06,"Apr, 04 2019"
Belmonte,0,PT,75,40.36,-7.35,1.67,2.86,"Apr, 04 2019"
Boyuibe,0,BO,91,-20.43,-63.28,22.05,1.21,"Apr, 04 2019"
Tecoanapa,5,MX,74,16.99,-99.26,28.0,3.6,"Apr, 04 2019"
Hasaki,20,JP,32,35.73,140.83,13.89,2.1,"Apr, 04 2019"
Kununurra,12,AU,36,-15.77,128.74,33.0,7.2,"Apr, 04 2019"
Klaksvik,88,FO,80,62.23,-6.59,2.0,4.1,"Apr, 04 2019"
Mar del Plata,68,AR,47,-46.43,-67.52,16.65,6.01,"Apr, 04 2019"
Ville-Marie,20,CA,49,47.33,-79.44,-3.0,8.2,"Apr, 04 2019"
Airai,80,TL,73,-8.93,125.41,23.35,0.51,"Apr, 04 2019"
Sovetskiy,0,RU,82,56.76,48.47,-5.3,4.81,"Apr, 04 2019"
Itoman,75,JP,52,26.12,127.67,21.67,3.1,"Apr, 04 2019"
Nemuro,75,JP,47,43.32,145.57,3.0,6.2,"Apr, 04 2019"
Babai,0,UA,50,49.9,36.2,1.0,2.0,"Apr, 04 2019"
Sitka,76,US,68,37.17,-99.65,15.56,2.24,"Apr, 04 2019"
Bontang,0,ID,100,0.12,117.47,26.45,2.51,"Apr, 04 2019"
Kiruna,76,SE,92,67.86,20.23,-2.0,2.1,"Apr, 04 2019"
Lavrentiya,48,RU,100,65.58,-170.99,-3.9,7.41,"Apr, 04 2019"
Daru,80,SL,95,7.99,-10.85,23.15,1.76,"Apr, 04 2019"
Luanda,75,AO,94,-8.83,13.24,27.0,2.6,"Apr, 04 2019"
Neuquen,92,AR,29,-38.95,-68.06,25.9,12.01,"Apr, 04 2019"
Gubbi,0,IN,79,13.31,76.94,16.0,1.31,"Apr, 04 2019"
Palmerston,20,CA,47,43.83,-80.85,2.0,5.7,"Apr, 04 2019"
Carlyle,40,CA,42,49.63,-102.27,8.0,7.7,"Apr, 04 2019"
Mana,40,RS,49,43.52,20.24,9.0,1.5,"Apr, 04 2019"
Jalcocotan,5,MX,64,21.48,-105.1,22.0,3.1,"Apr, 04 2019"
Lloydminster,75,CA,65,53.28,-110.01,5.0,10.3,"Apr, 04 2019"
Roseburg,90,US,62,43.22,-123.34,15.0,3.1,"Apr, 04 2019"
Mahajanga,20,MG,94,-15.72,46.32,26.0,2.66,"Apr, 04 2019"
Marawi,68,PH,78,8.0,124.29,27.22,2.24,"Apr, 04 2019"
Marathon,20,CA,63,48.72,-86.38,-2.65,6.36,"Apr, 04 2019"
North Bend,75,US,81,43.41,-124.22,14.44,2.6,"Apr, 04 2019"
Chernyshevsk,88,RU,69,52.51,117.01,-1.4,3.66,"Apr, 04 2019"
Peterhead,0,AU,18,-34.83,138.5,29.44,7.7,"Apr, 04 2019"
Bandarbeyla,0,SO,100,9.49,50.81,26.1,0.41,"Apr, 04 2019"
Imbituba,0,BR,88,-28.24,-48.67,25.0,3.1,"Apr, 04 2019"
Otacilio Costa,56,BR,92,-27.48,-50.12,18.15,0.86,"Apr, 04 2019"
Riberalta,20,BO,91,-11.0,-66.08,24.95,0.61,"Apr, 04 2019"
Saint-Philippe,20,CA,44,45.36,-73.48,4.0,13.9,"Apr, 04 2019"
Coahuayana,0,MX,23,18.62,-100.35,29.3,1.41,"Apr, 04 2019"
Saquena,36,PE,86,-4.67,-73.52,27.85,1.41,"Apr, 04 2019"
Murree,20,PK,56,33.91,73.39,20.0,0.89,"Apr, 04 2019"
Tulun,48,RU,66,54.56,100.58,-5.15,1.06,"Apr, 04 2019"
Saint-Francois,64,FR,100,46.42,3.91,3.0,1.31,"Apr, 04 2019"
Gravelbourg,68,CA,42,49.88,-106.56,8.85,7.91,"Apr, 04 2019"
Inirida,24,CO,87,3.87,-67.92,26.65,1.56,"Apr, 04 2019"
Lokossa,0,BJ,80,6.65,1.72,26.85,3.56,"Apr, 04 2019"
Hambantota,20,LK,100,6.12,81.12,23.0,1.0,"Apr, 04 2019"
Hualmay,32,PE,88,-11.1,-77.61,20.6,2.51,"Apr, 04 2019"
Luderitz,8,,92,-26.65,15.16,13.45,5.21,"Apr, 04 2019"
Ouadda,0,CF,27,8.07,22.4,25.2,4.01,"Apr, 04 2019"
Riyadh,0,SA,32,24.63,46.72,20.0,2.6,"Apr, 04 2019"
Lao Cai,80,VN,96,22.48,103.95,15.3,0.71,"Apr, 04 2019"
San Quintin,0,PH,87,17.54,120.52,24.2,1.76,"Apr, 04 2019"
Buenos Aires,0,AR,77,-34.61,-58.44,20.0,3.1,"Apr, 04 2019"
Tevriz,76,RU,79,57.51,72.4,-1.9,1.96,"Apr, 04 2019"
Ostrovnoy,44,RU,86,68.05,39.51,-2.8,6.61,"Apr, 04 2019"
Saldanha,0,PT,81,41.42,-6.55,1.6,2.41,"Apr, 04 2019"
Samarai,56,PG,100,-10.62,150.67,26.45,2.81,"Apr, 04 2019"
Moussoro,0,TD,32,13.64,16.49,22.85,2.01,"Apr, 04 2019"
Lakatoro,88,VU,94,-16.11,167.42,27.8,3.41,"Apr, 04 2019"
Sinnamary,92,GF,95,5.38,-52.96,26.7,5.81,"Apr, 04 2019"
Ugoofaaru,88,MV,100,5.67,73.0,28.3,1.86,"Apr, 04 2019"
Port Hardy,90,CA,71,50.7,-127.42,11.0,2.1,"Apr, 04 2019"
Yerofey Pavlovich,68,RU,40,53.97,121.97,-1.2,2.36,"Apr, 04 2019"
Saint Anthony,90,US,61,43.97,-111.68,10.0,5.1,"Apr, 04 2019"
Orange Cove,1,US,49,36.62,-119.31,22.0,1.5,"Apr, 04 2019"
Kuito,20,AO,52,-12.38,16.94,16.25,3.26,"Apr, 04 2019"
Porto Velho,75,BR,88,-8.75,-63.87,25.0,1.0,"Apr, 04 2019"
Red Wing,1,US,35,44.56,-92.53,8.33,1.51,"Apr, 04 2019"
Rome,0,IT,62,41.89,12.48,13.89,5.7,"Apr, 04 2019"
Vardo,1,US,25,39.62,-77.74,14.0,5.1,"Apr, 04 2019"
Poum,44,MK,97,41.28,20.71,3.9,0.46,"Apr, 04 2019"
Port Hawkesbury,90,CA,93,45.62,-61.36,6.67,9.3,"Apr, 04 2019"
Hohhot,0,CN,27,40.81,111.65,5.0,2.0,"Apr, 04 2019"
Ayni,12,TJ,88,39.39,68.54,3.4,1.06,"Apr, 04 2019"
Goldsboro,1,US,71,35.38,-77.99,15.0,1.5,"Apr, 04 2019"
Grand Gaube,20,MU,94,-20.01,57.66,24.44,0.5,"Apr, 04 2019"
Pangnirtung,12,CA,64,66.15,-65.72,-20.15,1.71,"Apr, 04 2019"
Zhengjiatun,44,CN,46,43.51,123.51,5.8,1.66,"Apr, 04 2019"
Havoysund,75,NO,68,71.0,24.66,-2.0,7.7,"Apr, 04 2019"
Port Macquarie,64,AU,60,-31.43,152.91,26.67,2.1,"Apr, 04 2019"
Lukulu,44,ZM,48,-14.38,23.24,22.1,3.46,"Apr, 04 2019"
Lagoa,0,PT,61,37.14,-8.45,10.0,5.1,"Apr, 04 2019"
Gao,24,ML,27,16.28,-0.04,27.15,2.51,"Apr, 04 2019"
Kuandian,0,CN,46,40.73,124.78,9.2,4.26,"Apr, 04 2019"
Port Hedland,40,AU,83,-20.31,118.58,28.0,3.1,"Apr, 04 2019"
Svobodnyy,68,RU,50,53.85,40.53,0.0,5.36,"Apr, 04 2019"
Aliaga,75,PH,65,15.5,120.85,28.0,2.1,"Apr, 04 2019"
Barabinsk,92,RU,75,55.35,78.35,0.2,6.31,"Apr, 04 2019"
Northam,75,GB,93,51.04,-4.21,4.0,3.1,"Apr, 04 2019"
Laguna,20,MX,28,27.52,-110.01,27.0,2.6,"Apr, 04 2019"
Nkhata Bay,100,MW,100,-11.61,34.3,21.0,0.51,"Apr, 04 2019"
Kahului,40,US,51,20.89,-156.47,28.0,9.3,"Apr, 04 2019"
Fort Nelson,90,CA,78,58.81,-122.69,-9.0,3.6,"Apr, 04 2019"
Ati,0,TD,30,13.21,18.34,23.35,2.51,"Apr, 04 2019"
Salalah,0,OM,57,17.01,54.1,24.0,2.1,"Apr, 04 2019"
Escarcega,88,MX,54,18.61,-90.75,29.85,2.66,"Apr, 04 2019"
Parkes,64,AU,30,-33.14,148.18,27.78,0.45,"Apr, 04 2019"
Kondopoga,0,RU,85,62.21,34.27,-6.0,4.21,"Apr, 04 2019"
Panalingaan,12,PH,90,8.78,117.42,26.85,1.31,"Apr, 04 2019"
Homer,1,US,25,59.64,-151.54,11.0,6.2,"Apr, 04 2019"
Fairbanks,1,US,32,64.84,-147.72,-3.0,9.3,"Apr, 04 2019"
Esperance,20,TT,83,10.24,-61.45,25.0,4.1,"Apr, 04 2019"
Pierre,90,US,93,44.37,-100.35,5.56,5.7,"Apr, 04 2019"
Pathein,0,MM,91,16.78,94.73,23.45,2.51,"Apr, 04 2019"
Plouzane,92,FR,80,48.38,-4.62,5.0,3.1,"Apr, 04 2019"
Mulchen,92,CL,96,-37.72,-72.23,12.45,4.81,"Apr, 04 2019"
Gamba,12,CN,53,28.28,88.52,-19.25,2.06,"Apr, 04 2019"
Saint-Augustin,24,FR,93,44.83,-0.61,6.0,2.1,"Apr, 04 2019"
Olden,0,NO,89,61.84,6.81,1.11,1.79,"Apr, 04 2019"
Pitimbu,75,BR,94,-7.47,-34.81,26.0,2.6,"Apr, 04 2019"
Yegorlykskaya,8,RU,90,46.56,40.65,0.4,3.76,"Apr, 04 2019"
Camacupa,8,AO,67,-12.02,17.48,15.45,2.06,"Apr, 04 2019"
Tual,64,ID,100,-5.67,132.75,26.6,6.91,"Apr, 04 2019"
Chitral,92,PK,87,35.85,71.79,-5.45,0.31,"Apr, 04 2019"
Umm Lajj,0,SA,98,25.02,37.27,16.4,4.06,"Apr, 04 2019"
Urengoy,76,RU,89,65.96,78.37,-6.95,4.11,"Apr, 04 2019"
Luang Prabang,90,LA,78,19.89,102.14,22.0,3.1,"Apr, 04 2019"
Kungurtug,20,RU,82,50.6,97.53,-7.05,0.41,"Apr, 04 2019"
Balkanabat,24,TM,83,39.51,54.36,6.1,2.21,"Apr, 04 2019"
Ixtapa,5,MX,83,20.71,-105.21,25.0,4.6,"Apr, 04 2019"
San Jeronimo,92,PE,89,-13.65,-73.37,8.75,0.86,"Apr, 04 2019"
Tonstad,75,NO,66,58.66,6.71,9.0,4.1,"Apr, 04 2019"
Arroyo,1,US,33,41.39,-78.88,8.0,4.1,"Apr, 04 2019"
Oksfjord,90,NO,100,70.24,22.35,0.0,3.6,"Apr, 04 2019"
Karaj,40,IR,45,35.81,51.01,9.0,3.1,"Apr, 04 2019"
Mwense,76,ZM,92,-10.39,28.7,19.6,1.31,"Apr, 04 2019"
Bonthe,92,SL,86,7.53,-12.5,26.7,2.41,"Apr, 04 2019"
Yarada,0,IN,94,17.65,83.27,25.0,1.0,"Apr, 04 2019"
Vilnius,0,LT,47,54.69,25.28,3.33,3.6,"Apr, 04 2019"
Naryan-Mar,44,RU,80,67.67,53.09,-4.9,5.46,"Apr, 04 2019"
Rio Cuarto,0,AR,77,-33.13,-64.35,21.0,3.6,"Apr, 04 2019"
El Vigia,20,MX,28,26.85,-109.72,27.0,2.6,"Apr, 04 2019"
Liku,48,ID,93,-0.73,119.89,26.55,1.41,"Apr, 04 2019"
Guilin,90,CN,100,25.28,110.29,13.0,1.66,"Apr, 04 2019"
Faya,0,SA,82,18.39,42.45,15.0,5.1,"Apr, 04 2019"
Ardatov,56,RU,67,55.24,43.1,-2.05,5.36,"Apr, 04 2019"
Nilopolis,40,BR,78,-22.81,-43.41,26.11,2.11,"Apr, 04 2019"
Morgan City,1,US,77,29.7,-91.21,19.0,3.1,"Apr, 04 2019"
Jennings,0,AU,67,-28.93,151.93,17.78,3.58,"Apr, 04 2019"
Turayf,20,SA,76,31.68,38.65,11.0,2.1,"Apr, 04 2019"
Ponta Delgada,40,PT,76,37.73,-25.67,13.0,5.1,"Apr, 04 2019"
Taoudenni,76,ML,67,22.68,-3.98,22.45,2.11,"Apr, 04 2019"
Avera,1,US,58,33.19,-82.53,18.0,1.81,"Apr, 04 2019"
Moba,20,CD,99,-7.04,29.77,19.95,1.26,"Apr, 04 2019"
Udachnyy,0,RU,74,66.42,112.4,-4.55,1.96,"Apr, 04 2019"
Betare Oya,0,CM,77,5.6,14.08,21.2,1.31,"Apr, 04 2019"
Arlit,0,NE,29,18.74,7.39,23.4,1.41,"Apr, 04 2019"
Palmer,0,AU,18,-34.85,139.16,29.44,7.7,"Apr, 04 2019"
Vila Velha,75,BR,83,-3.71,-38.6,27.22,2.1,"Apr, 04 2019"
Port Moresby,40,PG,70,-9.47,147.16,31.0,6.7,"Apr, 04 2019"
Seoul,1,KR,49,37.57,126.98,11.0,3.1,"Apr, 04 2019"
Nador,0,MA,51,35.17,-2.93,17.0,5.1,"Apr, 04 2019"
Sistranda,75,NO,93,63.73,8.83,3.0,0.5,"Apr, 04 2019"
Vostok,0,RU,59,46.45,135.83,2.7,1.36,"Apr, 04 2019"
Elk Point,75,CA,44,53.9,-110.9,3.0,6.2,"Apr, 04 2019"
Isla Mujeres,40,MX,78,21.23,-86.73,26.0,4.6,"Apr, 04 2019"
Bundaberg,40,AU,54,-24.87,152.35,28.33,8.2,"Apr, 04 2019"
Dali,56,CN,100,25.6,100.24,6.65,0.76,"Apr, 04 2019"
Port Lincoln,0,AU,81,-34.72,135.86,21.5,4.26,"Apr, 04 2019"
Gusau,0,NG,39,12.17,6.66,22.3,1.91,"Apr, 04 2019"
Shitkino,12,RU,69,56.37,98.35,-5.4,1.76,"Apr, 04 2019"
Svetlaya,0,RU,87,46.54,138.33,1.05,1.31,"Apr, 04 2019"
Puro,76,PH,85,13.13,123.76,25.65,1.76,"Apr, 04 2019"
Pedernales,68,EC,78,0.07,-80.05,24.75,4.26,"Apr, 04 2019"
Ambon,0,FR,93,47.55,-2.56,2.78,1.5,"Apr, 04 2019"
Naze,0,NG,82,5.43,7.07,26.6,4.86,"Apr, 04 2019"
Pisco,0,PE,88,-13.71,-76.2,21.0,7.2,"Apr, 04 2019"
Puerto del Rosario,80,ES,72,28.5,-13.86,17.0,3.1,"Apr, 04 2019"
Mataram,48,ID,87,-5.32,105.06,24.1,1.16,"Apr, 04 2019"
Atbasar,0,KZ,93,51.81,68.36,2.95,2.91,"Apr, 04 2019"
Lannion,80,FR,86,48.73,-3.46,5.0,4.1,"Apr, 04 2019"
Mustasaari,68,FI,59,63.17,21.67,3.33,1.5,"Apr, 04 2019"
Edd,92,ER,91,13.93,41.69,21.55,1.11,"Apr, 04 2019"
Kambove,56,CD,85,-10.88,26.6,18.3,2.01,"Apr, 04 2019"
Valparaiso,90,US,32,41.47,-87.06,13.0,5.1,"Apr, 04 2019"
Praia da Vitoria,75,PT,82,38.73,-27.07,13.0,8.01,"Apr, 04 2019"
San Juan,20,PH,62,14.6,121.03,30.56,3.1,"Apr, 04 2019"
Lobito,44,AO,95,-12.35,13.55,20.85,1.16,"Apr, 04 2019"
Maxixe,8,MZ,100,-23.86,35.35,22.2,2.56,"Apr, 04 2019"
Quang Ngai,48,VN,92,15.12,108.8,22.15,1.21,"Apr, 04 2019"
Terra Santa,68,BR,77,-2.1,-56.49,28.5,3.01,"Apr, 04 2019"
Inuvik,75,CA,71,68.36,-133.71,-15.0,4.1,"Apr, 04 2019"
Kingisepp,0,RU,58,59.38,28.61,0.1,2.41,"Apr, 04 2019"
Ernei,56,RO,55,46.61,24.64,2.22,3.1,"Apr, 04 2019"
Jabinyanah,20,TN,77,35.03,10.91,16.0,3.1,"Apr, 04 2019"
Sharya,0,RU,73,58.37,45.52,-8.15,1.06,"Apr, 04 2019"
Sola,75,NO,66,58.89,5.65,9.0,4.1,"Apr, 04 2019"
Guerrero Negro,8,MX,57,27.97,-114.04,19.7,5.26,"Apr, 04 2019"
Mocuba,88,MZ,91,-16.84,36.99,20.65,2.01,"Apr, 04 2019"
Half Moon Bay,90,US,82,37.46,-122.43,16.67,3.1,"Apr, 04 2019"
Yalutorovsk,80,RU,91,56.65,66.31,-0.55,6.11,"Apr, 04 2019"
Erenhot,44,CN,53,43.65,111.97,7.45,6.36,"Apr, 04 2019"
Krasnik,0,PL,41,50.92,22.23,7.22,5.7,"Apr, 04 2019"
Tessalit,0,ML,30,20.2,1.01,23.25,3.61,"Apr, 04 2019"
Souillac,24,FR,100,45.6,-0.6,3.89,1.5,"Apr, 04 2019"
Chake Chake,56,TZ,100,-5.25,39.77,27.8,5.56,"Apr, 04 2019"
Sept-Iles,90,CA,86,50.2,-66.38,-1.67,5.1,"Apr, 04 2019"
La Paz,5,MX,36,24.15,-110.32,27.0,4.1,"Apr, 04 2019"
Porbandar,0,IN,82,21.64,69.61,22.3,2.06,"Apr, 04 2019"
Toma,20,JP,55,43.82,142.6,2.0,3.1,"Apr, 04 2019"
Pandan,0,PH,99,11.72,122.09,26.85,7.91,"Apr, 04 2019"
Seddon,12,NZ,55,-41.67,174.07,19.44,0.45,"Apr, 04 2019"
Puerto Rondon,20,CO,45,6.28,-71.1,29.95,3.51,"Apr, 04 2019"
Ust-Ordynskiy,0,RU,43,52.8,104.75,1.0,4.0,"Apr, 04 2019"
Verkhnevilyuysk,88,RU,71,63.45,120.31,-1.8,1.66,"Apr, 04 2019"
Eyl,0,SO,100,7.98,49.82,23.85,1.86,"Apr, 04 2019"
Luganville,88,VU,100,-15.51,167.18,27.45,3.26,"Apr, 04 2019"
Elizabethtown,1,US,26,40.15,-76.6,13.33,4.6,"Apr, 04 2019"
Krasnoarmeysk,0,RU,81,56.12,38.15,1.11,2.0,"Apr, 04 2019"
Umuahia,0,NG,82,5.53,7.5,26.6,4.86,"Apr, 04 2019"
Ankara,0,TR,74,39.92,32.85,5.56,1.0,"Apr, 04 2019"
Dibrugarh,75,IN,88,27.48,94.9,19.0,3.1,"Apr, 04 2019"
Kiunga,68,PG,91,-6.12,141.3,26.2,1.16,"Apr, 04 2019"
Buala,44,SB,89,-8.15,159.59,28.65,2.31,"Apr, 04 2019"
Tirano,75,IT,93,46.22,10.17,6.11,3.6,"Apr, 04 2019"
Alice Springs,0,AU,24,-23.7,133.88,26.0,7.2,"Apr, 04 2019"
Raudeberg,0,NO,93,61.99,5.14,3.33,3.6,"Apr, 04 2019"
Arvi,0,IN,67,21.0,78.23,21.3,2.11,"Apr, 04 2019"
Sambava,88,MG,100,-14.27,50.17,27.7,5.41,"Apr, 04 2019"
Bima,68,ID,98,-8.45,118.73,25.1,1.21,"Apr, 04 2019"
Ried,0,DE,86,48.31,10.61,5.56,1.0,"Apr, 04 2019"
Henties Bay,0,,92,-22.12,14.28,15.0,2.24,"Apr, 04 2019"
Lismore,40,AU,64,-28.81,153.28,25.56,4.1,"Apr, 04 2019"
Rehoboth,0,,75,-23.31,17.08,14.05,1.81,"Apr, 04 2019"
Leningradskiy,8,RU,94,69.38,178.42,-12.95,7.91,"Apr, 04 2019"
Mahanoro,64,MG,100,-19.9,48.8,22.15,1.01,"Apr, 04 2019"
Mareeba,75,AU,88,-16.99,145.42,26.0,8.2,"Apr, 04 2019"
Dicabisagan,92,PH,100,17.08,122.42,22.7,1.41,"Apr, 04 2019"
Shiyan,76,CN,69,32.65,110.78,10.85,1.31,"Apr, 04 2019"
Tzimol,0,MX,72,16.18,-92.18,24.3,1.46,"Apr, 04 2019"
Labuhan,8,ID,82,-2.54,115.51,25.35,0.91,"Apr, 04 2019"
Almaznyy,40,RU,93,48.03,40.04,2.0,3.0,"Apr, 04 2019"
Namibe,0,AO,100,-15.19,12.15,26.05,3.96,"Apr, 04 2019"
Jizan,0,SA,69,16.89,42.56,27.0,2.26,"Apr, 04 2019"
Wewak,88,PG,87,-3.55,143.63,27.2,0.46,"Apr, 04 2019"
San Cristobal,75,EC,87,-0.39,-78.55,14.0,1.5,"Apr, 04 2019"
Gat,0,SN,82,14.69,-16.54,22.0,8.7,"Apr, 04 2019"
Husavik,8,CA,45,50.56,-96.99,-1.11,2.16,"Apr, 04 2019"
Beyneu,92,KZ,90,45.32,55.19,7.1,6.16,"Apr, 04 2019"
Kang,0,BW,64,-23.67,22.79,18.2,3.21,"Apr, 04 2019"
Mandurah,75,AU,88,-32.55,115.7,21.11,8.7,"Apr, 04 2019"
Dwarka,20,IN,56,28.58,77.04,23.0,1.26,"Apr, 04 2019"
Umm Kaddadah,0,SD,17,13.6,26.69,19.35,4.36,"Apr, 04 2019"
Toyooka,75,JP,37,35.55,134.82,14.0,3.1,"Apr, 04 2019"
Zima,80,RU,64,53.93,102.05,-2.6,1.41,"Apr, 04 2019"
Carauari,12,BR,87,-4.88,-66.9,27.1,0.81,"Apr, 04 2019"
Tromso,75,NO,80,69.65,18.96,-1.0,10.8,"Apr, 04 2019"
Kyaikto,0,MM,95,17.31,97.01,23.3,1.11,"Apr, 04 2019"
Sibolga,48,ID,100,1.74,98.78,20.85,0.91,"Apr, 04 2019"
Dingle,0,PH,71,11.0,122.67,26.7,4.81,"Apr, 04 2019"
Ilo,0,PE,88,-17.65,-71.34,18.85,1.61,"Apr, 04 2019"
Antsohihy,80,MG,100,-14.88,47.99,22.25,2.61,"Apr, 04 2019"
Along,48,IN,94,28.17,94.8,10.6,0.81,"Apr, 04 2019"
Miyako,20,JP,50,33.63,130.94,15.0,3.1,"Apr, 04 2019"
Petropavlovsk-Kamchatskiy,40,RU,52,53.05,158.65,6.0,5.0,"Apr, 04 2019"
Makakilo City,1,US,45,21.35,-158.09,29.0,3.6,"Apr, 04 2019"
Pokhara,12,NP,75,28.21,83.99,10.15,1.06,"Apr, 04 2019"
Kabarnet,0,KE,76,0.5,35.74,13.0,2.1,"Apr, 04 2019"
Mount Gambier,75,AU,67,-37.83,140.78,16.0,5.1,"Apr, 04 2019"
Arman,36,RU,73,59.7,150.17,0.9,4.71,"Apr, 04 2019"
Santa Luzia,0,BR,83,-19.77,-43.85,22.0,2.6,"Apr, 04 2019"
Kulhudhuffushi,20,MV,100,6.62,73.07,26.8,1.06,"Apr, 04 2019"
Eunice,90,US,68,30.49,-92.42,19.0,4.1,"Apr, 04 2019"
Kachug,0,RU,49,53.96,105.89,-5.95,3.46,"Apr, 04 2019"
Flinders,75,AU,88,-34.58,150.85,20.0,4.1,"Apr, 04 2019"
Tamandare,0,BR,78,-8.28,-70.75,27.9,1.31,"Apr, 04 2019"
Tashara,80,RU,81,55.52,83.51,-2.3,2.91,"Apr, 04 2019"
Channel-Port aux Basques,92,CA,86,47.57,-59.14,1.65,24.26,"Apr, 04 2019"
Thinadhoo,92,MV,100,0.53,72.93,28.05,1.61,"Apr, 04 2019"
Buraydah,0,SA,41,26.33,43.97,15.0,1.0,"Apr, 04 2019"
Ardakan,40,IR,76,32.31,54.02,13.0,2.1,"Apr, 04 2019"
Hamilton,40,BM,68,32.3,-64.78,19.0,3.1,"Apr, 04 2019"
Sisimiut,68,GL,96,66.94,-53.67,-9.7,4.46,"Apr, 04 2019"
Beloha,0,MG,90,-25.17,45.06,21.6,3.21,"Apr, 04 2019"
Caohe,64,CN,92,32.93,105.08,5.3,0.96,"Apr, 04 2019"
Superior,90,US,93,47.19,-114.89,12.0,3.1,"Apr, 04 2019"
Susehri,92,TR,95,40.16,38.09,-1.05,0.91,"Apr, 04 2019"
Kamaishi,75,JP,86,39.28,141.86,3.0,2.1,"Apr, 04 2019"
Coyula,92,MX,54,20.93,-98.48,26.45,1.81,"Apr, 04 2019"
Ippy,64,CF,39,6.26,21.2,28.6,4.56,"Apr, 04 2019"
Manga,20,BF,45,11.67,-1.07,30.1,3.76,"Apr, 04 2019"
Leh,64,IN,79,34.16,77.58,-17.2,0.41,"Apr, 04 2019"
Nouadhibou,0,MR,77,20.93,-17.03,18.0,4.1,"Apr, 04 2019"
Kupang,75,ID,70,-10.16,123.6,30.0,1.0,"Apr, 04 2019"
Nioro,48,GM,49,13.79,-15.05,27.45,3.16,"Apr, 04 2019"
Meulaboh,56,ID,100,4.14,96.13,25.9,0.71,"Apr, 04 2019"
Nyurba,88,RU,72,63.29,118.35,-1.95,1.56,"Apr, 04 2019"
Aswan,0,EG,28,24.09,32.9,23.0,3.1,"Apr, 04 2019"
Bose,90,IT,87,45.46,8.01,11.11,4.6,"Apr, 04 2019"
Bull Savanna,48,JM,63,17.89,-77.59,25.8,3.01,"Apr, 04 2019"
Thap Than,0,TH,86,15.46,99.89,22.7,0.91,"Apr, 04 2019"
Koslan,0,RU,93,63.46,48.9,-2.7,2.41,"Apr, 04 2019"
Muisne,80,EC,75,0.61,-80.02,25.7,3.51,"Apr, 04 2019"
Talnakh,80,RU,89,69.49,88.39,-7.9,2.36,"Apr, 04 2019"
Krasnoborsk,0,RU,90,61.56,45.93,-7.0,1.56,"Apr, 04 2019"
Wegrow,0,PL,40,52.4,22.02,7.78,4.02,"Apr, 04 2019"
Sur,0,OM,81,22.57,59.53,26.6,1.86,"Apr, 04 2019"
Eureka,90,US,81,40.8,-124.16,13.33,2.1,"Apr, 04 2019"
Pervomayskoye,36,RU,84,57.07,86.23,-4.35,2.06,"Apr, 04 2019"
Dharchula,8,IN,74,29.85,80.53,2.3,1.21,"Apr, 04 2019"
Burnie,0,AU,100,-41.05,145.91,14.95,8.86,"Apr, 04 2019"
Tarko-Sale,88,RU,86,64.92,77.78,-6.11,3.31,"Apr, 04 2019"
Alice,90,US,88,27.75,-98.07,23.0,5.7,"Apr, 04 2019"
Hirado,0,JP,47,33.32,129.49,13.0,2.6,"Apr, 04 2019"
Opochka,0,RU,76,56.71,28.66,-3.05,1.41,"Apr, 04 2019"
Warri,8,NG,89,5.52,5.75,26.35,3.76,"Apr, 04 2019"
Lagos,20,NG,83,6.46,3.39,29.0,3.6,"Apr, 04 2019"
Caravelas,0,BR,100,-17.73,-39.27,27.45,3.76,"Apr, 04 2019"
Pacific Grove,90,US,71,36.62,-121.92,16.67,2.6,"Apr, 04 2019"
Baijiantan,12,CN,71,45.63,85.18,9.5,1.81,"Apr, 04 2019"
Lata,12,IN,77,30.78,78.62,8.95,1.11,"Apr, 04 2019"
Richards Bay,12,ZA,90,-28.77,32.06,20.95,5.61,"Apr, 04 2019"
Araouane,0,ML,25,18.9,-3.53,25.95,3.71,"Apr, 04 2019"
Porto Novo,0,BR,77,-23.68,-45.44,21.0,1.0,"Apr, 04 2019"
Zhoucheng,20,CN,87,31.35,119.33,14.0,3.0,"Apr, 04 2019"
Muros,40,ES,100,42.77,-9.06,8.89,5.26,"Apr, 04 2019"
Hargeysa,44,SO,93,9.56,44.06,16.75,2.31,"Apr, 04 2019"
Constitucion,5,MX,18,23.99,-104.67,23.0,5.7,"Apr, 04 2019"
Ginda,40,IN,88,30.69,78.49,17.0,1.5,"Apr, 04 2019"
Boyolangu,24,ID,91,-8.09,111.9,22.95,2.06,"Apr, 04 2019"
Yenagoa,8,NG,91,4.92,6.26,25.65,3.36,"Apr, 04 2019"
Taksimo,20,RU,55,56.36,114.84,-5.2,1.81,"Apr, 04 2019"
Bonfim,0,BR,83,-20.33,-44.24,22.0,1.5,"Apr, 04 2019"
San Pedro,0,AR,83,-33.68,-59.66,19.5,2.91,"Apr, 04 2019"
La Ronge,90,CA,48,55.1,-105.3,-7.0,5.1,"Apr, 04 2019"
Agucadoura,0,PT,81,41.43,-8.78,8.33,1.5,"Apr, 04 2019"
Sompeta,20,IN,86,18.93,84.6,21.45,1.91,"Apr, 04 2019"
Tshikapa,32,CD,93,-6.42,20.79,23.3,0.96,"Apr, 04 2019"
Evensk,36,RU,84,61.92,159.24,0.8,8.41,"Apr, 04 2019"
Chippewa Falls,1,US,38,44.94,-91.39,6.67,1.5,"Apr, 04 2019"
Pustoshka,0,RU,77,56.34,29.37,-2.7,1.76,"Apr, 04 2019"
Norman Wells,40,CA,55,65.28,-126.83,-14.0,6.7,"Apr, 04 2019"
Adrar,40,DZ,31,27.87,-0.29,26.0,8.7,"Apr, 04 2019"
Yeppoon,75,AU,51,-23.13,150.74,28.0,4.6,"Apr, 04 2019"
Liuzhou,92,CN,100,24.32,109.41,15.05,2.21,"Apr, 04 2019"
